Workbook

Sheet About
A1: Kobold Clicker: every tooltip, rated
A2: Exported | B2: 2026-10-10, from the working tree (branch dialogue-voices)
A4: Sheets
A5: Tooltips | B5: Every tooltip a player can meet, one row each, with two ratings, a verdict and, where it helps, a rewrite. Filter by Area, Kind or Verdict.
A6: Developer only | B6: The tooltips of the developer screens, which a release build does not have. Listed, not rated.
A7: Patterns | B7: Habits that run through the tooltips as a whole.
A9: Counts
A10: Rows | B10: =COUNTA(Tooltips!F2:F217) -> 216
A11: Keep | B11: =COUNTIF(Tooltips!K2:K217,"Keep") -> 73
A12: Reword | B12: =COUNTIF(Tooltips!K2:K217,"Reword") -> 54
A13: Cut | B13: =COUNTIF(Tooltips!K2:K217,"Cut") -> 85
A14: Check | B14: =COUNTIF(Tooltips!K2:K217,"Check") -> 2
A15: Never shows | B15: =COUNTIF(Tooltips!K2:K217,"Never shows") -> 2
A16: Explains it poorly (1 or 2) | B16: =COUNTIF(Tooltips!I2:I217,"<=2") -> 14
A17: Not needed (1 or 2) | B17: =COUNTIF(Tooltips!J2:J217,"<=2") -> 41
A18: Needed and poorly explained (Needed 4-5, Explains 1-3) | B18: =COUNTIFS(Tooltips!J2:J217,">=4",Tooltips!I2:I217,"<=3") -> 41
A19: Average: Explains | B19: =ROUND(AVERAGE(Tooltips!I2:I217),1) -> 4.2
A20: Average: Needed | B20: =ROUND(AVERAGE(Tooltips!J2:J217),1) -> 3.8
A21: On a control that cannot show it (Kind = Never shown) | B21: =COUNTIF(Tooltips!E2:E217,"Never shown") -> 9
A23: Explains (1-5) | B23: How well the words explain the thing they are on.
A24: 5 | B24: Says exactly what the press or the thing does, in plain words.
A25: 4 | B25: Clear, with a small wobble: an odd word, a missing detail.
A26: 3 | B26: Understood on a second read, or leaves out something the player needs.
A27: 2 | B27: Likely to be misread, or leans on a word the game has not explained.
A28: 1 | B28: Does not explain, or says something untrue.
A30: Needed (1-5) | B30: How much the player would lose without it.
A31: 5 | B31: The only place a rule, a number or the reason for a grey button is said.
A32: 4 | B32: Names or explains a control with no words of its own (an icon), or adds a real fact.
A33: 3 | B33: Helpful, but the player would manage without it.
A34: 2 | B34: Mostly repeats the words on the button.
A35: 1 | B35: Repeats the button exactly, or cannot be seen in play.
A37: Verdict
A38: Keep | B38: Does its job.
A39: Reword | B39: Worth having, and the wording gets in its way. A rewrite is offered.
A40: Cut | B40: Repeats its button. Removing it loses nothing, or it could be spent on a fact instead.
A41: Check | B41: Out of date, untrue in some case, or not reachable in play. Needs your eye, not only new words.
A42: Never shows | B42: Worth reading, but written on a control the tip card cannot reach.
A44: How to read a row
A45: Kind | B45: Tooltip: the cream tip card that comes up after half a second on a control. Tooltip: why a button is grey: the same card, on a dead button. Hover card: the sentence on an orb's, rune's or super orb's card. Never shown: text set as a tooltip that no card can show.
A46: Text | B46: As it is in the source. %d, %s and %.1f stand for a number or a name filled in as the game runs, and %% is a percent sign.
A47: Example, as shown | B47: The text with made-up numbers and names filled in, to show how it reads. The figures are not the game's.
A48: Suggested rewrite | B48: A proposal that keeps the rule as the code has it. Check the facts before using one.
A49: Ratings for 'Never shown' rows | B49: Explains rates the words as written. Needed rates what they would be worth if they showed.
A50: Line | B50: Where the text sits in the file. Several numbers mean it is written there more than once.
A52: What is in | B52: Every tooltip_text set under Scenes/, read off the source and each traced to the control it lands on, and the sentence on each orb, rune and super orb card, since that is the same job done by a different card.
A53: What is out | B53: The item card, a skill node's card, an achievement's and a unique's card in the two logs: they are whole descriptions built from an item, not a line of help. Buttons with no tooltip. Reasons the code writes but nothing shows (why an orb or a rune is grey, why a skill point is refused).
A54: How 'Never shown' was checked | B54: A scratch scene put each kind of control under a real mouse pointer and asked the tip card's own function what it would say. An item square, a bounty's promised piece and a bought shelf square all came back empty.
A55: The judgement | B55: A reviewer's reading, not a measurement. The ratings are for sorting, and the Why column is the argument.

Sheet Tooltips
A1: # | B1: Area | C1: Where it shows | D1: On | E1: Kind | F1: Text | G1: Example, as shown | H1: Length | I1: Explains (1-5) | J1: Needed (1-5) | K1: Verdict | L1: Why | M1: Suggested rewrite | N1: File | O1: Line
A2: 10 | B2: Map and main screen | C2: Corner panel | D2: Experience bar | E2: Tooltip | F2: %s / %s XP | G2: 120 / 450 XP | H2: =LEN(F2) -> 10 | I2: 5 | J2: 5 | K2: Keep | L2: The only place the experience held and needed are given as numbers. | N2: Scenes/UI/character_panel.gd | O2: 290
A3: 14 | B3: Map and main screen | C3: Tile panel | D3: Chart button | E3: Tooltip | F3: Fight for this tile and what lies behind it | H3: =LEN(F3) -> 43 | I3: 3 | J3: 5 | K3: Reword | L3: Chart is the game's own verb and this is the only place it is defined. 'What lies behind it' is the vague part: winning lifts the fog off the tile and the land in sight of it. | M3: Fight for this tile. Win, and it and the land around it come out of the fog | N3: Scenes/main_scene.gd | O3: 1904
A4: 15 | B4: Map and main screen | C4: Tile panel | D4: Farm button | E4: Tooltip | F4: Fight here for as long as you like, for the loot | H4: =LEN(F4) -> 48 | I4: 5 | J4: 5 | K4: Keep | L4: Says what farming is, that it has no end, and why you would. A model tooltip. | N4: Scenes/main_scene.gd | O4: 1905
A5: 16 | B5: Map and main screen | C5: Tile panel | D5: Chart and Farm, greyed | E5: Tooltip: why a button is grey | F5: Your bag is too heavy to fight with. Sell or discard gear until it holds %d or fewer | G5: Your bag is too heavy to fight with. Sell or discard gear until it holds 40 or fewer | H5: =LEN(F5) -> 84 | I5: 4 | J5: 5 | K5: Reword | L5: The only place the reason and the limit are said, and it says how to fix it. Two wobbles: nothing else in the game weighs anything (elsewhere the bag is 'full'), and 'or fewer' has no noun. | M5: Your bag is over its limit. Sell or discard gear until it holds %d items or fewer | N5: Scenes/main_scene.gd | O5: 1908
A6: 19 | B6: Map and main screen | C6: Tile panel, on the cave | D6: Enter cave button | E6: Tooltip | F6: Go down to depth %d. Kill Gollux to go deeper: each depth won is a skull for your curses | G6: Go down to depth 3. Kill Gollux to go deeper: each depth won is a skull for your curses | H6: =LEN(F6) -> 88 | I6: 3 | J6: 5 | K6: Reword | L6: Carries the whole rule of the cave, and nothing else on the panel does. The last part is hard: 'a skull for your curses' only means something to a player who has already seen the curse table. | M6: Go down to depth %d. Kill Gollux to win the depth. Each depth won gives one more skull to spend on curses | N6: Scenes/main_scene.gd | O6: 2369
A7: 20 | B7: Map and main screen | C7: Ice wall's tile panel: Unlocks | D7: An orb's row (walls 1 and 2) | E7: Tooltip | F7: (the orb's own description, as on its card) | H7: =LEN(F7) -> 43 | I7: 3 | J7: 5 | K7: Keep | L7: The right thing to show: the wall promises an orb and the row says what it does. As clear as the orb's sentence is, see the Orb card rows. | N7: Scenes/Items/wall_unlocks.gd | O7: 59
A8: 21 | B8: Map and main screen | C8: Ice wall's tile panel: Unlocks | D8: Gollux row (wall 3) | E8: Tooltip | F8: His cave appears in every world | H8: =LEN(F8) -> 31 | I8: 3 | J8: 5 | K8: Reword | L8: The first time the player reads the name. It says where he is and not what he is, or why his cave is worth finding. | M8: A boss in a cave of his own. The cave is in every world from now on | N8: Scenes/Items/wall_unlocks.gd | O8: 28
A9: 22 | B9: Map and main screen | C9: Ice wall's tile panel: Unlocks | D9: Runes row (wall 3) | E9: Tooltip | F9: Dropped in Gollux's cave, they give a charted tile modifiers | H9: =LEN(F9) -> 60 | I9: 3 | J9: 5 | K9: Reword | L9: Says where runes come from. 'Give a tile modifiers' does not say whether that is good for the player. | M9: Dropped in Gollux's cave. Spend one on a tile you have charted to add or change its modifiers | N9: Scenes/Items/wall_unlocks.gd | O9: 30
A10: 23 | B10: Map and main screen | C10: Ice wall's tile panel: Unlocks | D10: Distant charting row (wall 4) | E10: Tooltip | F10: Chart any tile you can see, fighting for every tile on the way | H10: =LEN(F10) -> 62 | I10: 5 | J10: 5 | K10: Keep | L10: The whole rule in one line, cost included. | N10: Scenes/Items/wall_unlocks.gd | O10: 32
A11: 24 | B11: Map and main screen | C11: Ice wall's tile panel: Unlocks | D11: Item filter row (wall 6) | E11: Tooltip | F11: Leave behind the loot you do not want | H11: =LEN(F11) -> 37 | I11: 4 | J11: 5 | K11: Reword | L11: Clear about what it does. It does not say where the filter is, and nothing points to Settings. | M11: Leave behind the loot you do not want. Set it in Settings | N11: Scenes/Items/wall_unlocks.gd | O11: 34
A12: 25 | B12: Map and main screen | C12: Ice wall's tile panel: Unlocks | D12: Abilities row (wall 7) | E12: Tooltip | F12: Skill nodes that put a button in the fight | H12: =LEN(F12) -> 42 | I12: 3 | J12: 5 | K12: Check | L12: 'Put a button in the fight' describes the interface, not what the player gains. Also check: the abilities are not built yet, so the row promises something the game does not have. | M12: Skill nodes that give you an ability to use during a fight | N12: Scenes/Items/wall_unlocks.gd | O12: 36
A13: 26 | B13: Map and main screen | C13: Ice wall's tile panel: Unlocks | D13: Skill branch row (walls 3, 5, 8 and on) | E13: Tooltip | F13: The skill tree's root takes %d more node%s | G13: The skill tree's root takes 1 more node | H13: =LEN(F13) -> 42 | I13: 3 | J13: 5 | K13: Reword | L13: The row's name ('+1 skill branch') and the tooltip use two words, branch and node, for the same gain. 'The root takes' reads oddly. | M13: %d more skill node%s can be joined to the root of your skill tree | N13: Scenes/Items/wall_unlocks.gd | O13: 66
A14: 34 | B14: Fights | C14: Fight screen, top right, farming | D14: Flag button (icon only) | E14: Tooltip | F14: End the run and keep everything it turned up | H14: =LEN(F14) -> 44 | I14: 5 | J14: 5 | K14: Keep | L14: Icon only, and the press ends the fight. It says so and takes away the fear of losing the loot. | N14: Scenes/Combat/combat_scene.gd | O14: 903
A15: 36 | B15: Fights | C15: Fight screen, top right, charting | D15: Flag button (icon only) | E15: Tooltip | F15: Give up the fight and keep what it already turned up | H15: =LEN(F15) -> 52 | I15: 5 | J15: 5 | K15: Keep | L15: Says it is a surrender and that the loot is safe. | N15: Scenes/Combat/combat_scene.gd | O15: 905
A16: 56 | B16: Bag | C16: A level's heading | D16: Struck-through chest (icon only, toggle) | E16: Tooltip | F16: Stop collecting level %d loot | G16: Stop collecting level 3 loot | H16: =LEN(F16) -> 29 | I16: 4 | J16: 5 | K16: Reword | L16: An icon with a lasting effect: every later drop of that level is thrown away. 'Stop collecting' is gentle for that, and 'level 3 loot' leaves 'item level' to be guessed. | M16: Leave level %d items where they fall from now on | N16: Scenes/UI/bag_page.gd | O16: 609
A17: 57 | B17: Bag | C17: A level's heading | D17: The same toggle, held down | E17: Tooltip | F17: Continue collecting level %d loot | G17: Continue collecting level 3 loot | H17: =LEN(F17) -> 33 | I17: 4 | J17: 5 | K17: Reword | L17: Clear as the way back. 'Continue' suggests it was only paused. | M17: Pick up level %d items again | N17: Scenes/UI/bag_page.gd | O17: 609
A18: 58 | B18: Bag | C18: A level's heading, in a town that buys gear | D18: Coins (icon only) | E18: Tooltip | F18: Sell %d level %d %s for %s gold | G18: Sell 7 level 3 items for 1.2K gold | H18: =LEN(F18) -> 31 | I18: 5 | J18: 5 | K18: Keep | L18: The count and the sum, before the press. Nothing else gives them. | N18: Scenes/UI/bag_page.gd | O18: 629
A19: 59 | B19: Bag | C19: A level's heading, away from town | D19: Bin (icon only) | E19: Tooltip | F19: Discard %d level %d %s | G19: Discard 7 level 3 items | H19: =LEN(F19) -> 22 | I19: 5 | J19: 5 | K19: Keep | L19: Says how many pieces the bin would take. | N19: Scenes/UI/bag_page.gd | O19: 630
A20: 61 | B20: Bag | C20: An open piece | D20: Equip button, when something comes off | E20: Tooltip | F20: , putting %s back in the bag | G20: Wear this in the weapon slot, putting Rusty Sword, Oak Shield back in the bag | H20: =LEN(F20) -> 28 | I20: 5 | J20: 5 | K20: Keep | L20: The only warning that a two-hander takes the offhand off as well. | N20: Scenes/UI/bag_page.gd | O20: 1090
A21: 62 | B21: Bag | C21: An open piece | D21: Equip button, greyed | E21: Tooltip: why a button is grey | F21: Needs %d %s | G21: Needs 12 Strength | H21: =LEN(F21) -> 11 | I21: 5 | J21: 5 | K21: Keep | L21: Short and exact. | N21: Scenes/Items/inventory.gd | O21: 517
A22: 63 | B22: Bag | C22: An open piece | D22: Equip button, greyed | E22: Tooltip: why a button is grey | F22: The bag is full | H22: =LEN(F22) -> 15 | I22: 3 | J22: 5 | K22: Reword | L22: Puzzling on Equip: why would putting something on need room? The room is for what comes off. | M22: No room in the bag for what comes off | N22: Scenes/Items/inventory.gd | O22: 508
A23: 64 | B23: Heirlooms | C23: An open heirloom | D23: Equip button, greyed | E23: Tooltip: why a button is grey | F23: Lone Heir: only one heirloom may be worn | H23: =LEN(F23) -> 40 | I23: 5 | J23: 5 | K23: Keep | L23: Names the curse and gives its rule. | N23: Scenes/Items/inventory.gd | O23: 510
A24: 66 | B24: Bag | C24: An open ring | D24: Swap button (icon only) | E24: Tooltip | F24: Equip over the other ring instead | H24: =LEN(F24) -> 33 | I24: 3 | J24: 5 | K24: Reword | L24: An icon with no word, and a press that does not equip: it changes which finger Equip will use. | M24: Switch Equip to the other ring slot | N24: Scenes/UI/bag_page.gd | O24: 1098
A25: 68 | B25: Bag | C25: An open piece, in a town that buys gear | D25: Sell button, greyed | E25: Tooltip: why a button is grey | F25: Never sell is on | H25: =LEN(F25) -> 16 | I25: 5 | J25: 5 | K25: Keep | L25: Names the exact switch to turn off, which sits on the same row. | N25: Scenes/UI/bag_page.gd | O25: 1108
A26: 70 | B26: Bag | C26: An open piece | D26: Never sell toggle, off | E26: Tooltip | F26: Sell all and the bin pass this by | H26: =LEN(F26) -> 33 | I26: 2 | J26: 5 | K26: Reword | L26: The only explanation of the padlock, and the hardest tooltip in the bag. 'Sell all' and 'the bin' are icons the player has never seen named, and 'pass this by' has to be decoded. It also leaves out that the piece's own Sell button goes grey. | M26: Keep this when a whole level is sold or discarded. It cannot be sold on its own either | N26: Scenes/UI/bag_page.gd | O26: 1132
A27: 71 | B27: Bag | C27: An open piece | D27: Never sell toggle, on | E27: Tooltip | F27: Let Sell all and the bin take this again | H27: =LEN(F27) -> 40 | I27: 2 | J27: 5 | K27: Reword | L27: The same problem from the other side. | M27: Allow this to be sold or discarded again | N27: Scenes/UI/bag_page.gd | O27: 1131
A28: 73 | B28: Bag | C28: An open worn piece | D28: Unequip button, greyed | E28: Tooltip: why a button is grey | F28: The bag is full | H28: =LEN(F28) -> 15 | I28: 5 | J28: 5 | K28: Keep | L28: The reason, and it is obvious what to do about it. | N28: Scenes/UI/bag_page.gd | O28: 1229
A29: 78 | B29: Transcension | C29: The bag, choosing an heirloom | D29: Make heirloom button, greyed | E29: Tooltip: why a button is grey | F29: Open the item you would keep | H29: =LEN(F29) -> 28 | I29: 4 | J29: 5 | K29: Keep | L29: Tells the player the step they have missed. | N29: Scenes/UI/bag_page.gd | O29: 1199
A30: 79 | B30: Transcension | C30: The bag, choosing an heirloom | D30: Make heirloom button, greyed | E30: Tooltip: why a button is grey | F30: This item is broken | H30: =LEN(F30) -> 19 | I30: 4 | J30: 5 | K30: Reword | L30: States a fact and leaves the rule to be guessed. | M30: A broken item cannot be made an heirloom | N30: Scenes/UI/bag_page.gd | O30: 1200
A31: 89 | B31: Orbs and runes | C31: Orb card (bag tray, loot list, vendor) | D31: Orb of Transmutation | E31: Hover card | F31: Makes an item uncommon with fresh modifiers, or rerolls an uncommon one's. | H31: =LEN(F31) -> 74 | I31: 2 | J31: 5 | K31: Reword | L31: The only explanation of the orb. It hides the catch: used on a rare or epic piece it makes that uncommon too. 'An uncommon one's' ends on a possessive with nothing after it, and 'rerolls' is never explained. | M31: Makes any item uncommon and gives it new modifiers. A rarer item drops to uncommon | N31: Scenes/Items/orb_table.gd | O31: 62
A32: 90 | B32: Orbs and runes | C32: Orb card (bag tray, loot list, vendor) | D32: Orb of Augmentation | E32: Hover card | F32: Adds one more modifier, at any rarity. | H32: =LEN(F32) -> 38 | I32: 2 | J32: 5 | K32: Reword | L32: 'At any rarity' is untrue for a common item, which the orb refuses, and it is unclear whether it describes the item or the modifier. It also does not say the item needs room. | M32: Adds one modifier to an item that has room for it. A common item has none | N32: Scenes/Items/orb_table.gd | O32: 66
A33: 91 | B33: Orbs and runes | C33: Orb card (bag tray, loot list, vendor) | D33: Orb of Alchemy | E33: Hover card | F33: Makes an item rare with fresh modifiers, or rerolls a rare one's. | H33: =LEN(F33) -> 65 | I33: 2 | J33: 5 | K33: Reword | L33: As Transmutation: an epic piece becomes rare, and the card does not warn of it. | M33: Makes any item rare and gives it new modifiers. An epic item drops to rare | N33: Scenes/Items/orb_table.gd | O33: 70
A34: 92 | B34: Orbs and runes | C34: Orb card (bag tray, loot list, vendor) | D34: Orb of Divinity | E34: Hover card | F34: Rerolls the value of every modifier, keeping the modifiers and their tiers. | H34: =LEN(F34) -> 75 | I34: 4 | J34: 5 | K34: Keep | L34: Exact, and says what is safe. It leans on 'tiers' and 'rerolls', which the game never explains. | N34: Scenes/Items/orb_table.gd | O34: 74
A35: 93 | B35: Orbs and runes | C35: Orb card (bag tray, loot list, vendor) | D35: Orb of Chaos | E35: Hover card | F35: Rerolls the tier and value of every modifier, keeping the modifiers themselves. | H35: =LEN(F35) -> 79 | I35: 4 | J35: 5 | K35: Keep | L35: Reads well beside Divinity: the two cards differ by exactly the word that matters. | N35: Scenes/Items/orb_table.gd | O35: 78
A36: 94 | B36: Orbs and runes | C36: Orb card (bag tray, loot list, vendor) | D36: Orb of Exaltation | E36: Hover card | F36: Makes an item epic with fresh modifiers, or rerolls an epic one's. | H36: =LEN(F36) -> 66 | I36: 3 | J36: 5 | K36: Reword | L36: No hidden catch here, since epic is the top. Only the dangling 'an epic one's'. | M36: Makes any item epic and gives it new modifiers | N36: Scenes/Items/orb_table.gd | O36: 82
A37: 97 | B37: Orbs and runes | C37: Rune card (bag tray) | D37: Rune of Shifting | E37: Hover card | F37: Rerolls the tiers of the modifiers runes gave a tile. | H37: =LEN(F37) -> 53 | I37: 2 | J37: 5 | K37: Reword | L37: 'The modifiers runes gave a tile' has to be read twice to find its verb. No rune card says how long its work lasts, or that the tile must be charted. | M37: Rolls new tiers for the modifiers that runes have added to a tile | N37: Scenes/Items/rune_table.gd | O37: 22
A38: 98 | B38: Orbs and runes | C38: Rune card (bag tray) | D38: Rune of Upheaval | E38: Hover card | F38: Rerolls the modifiers runes gave a tile into different ones. | H38: =LEN(F38) -> 60 | I38: 2 | J38: 5 | K38: Reword | L38: The same knot as Shifting. | M38: Swaps the modifiers that runes have added to a tile for different ones | N38: Scenes/Items/rune_table.gd | O38: 24
A39: 99 | B39: Orbs and runes | C39: Rune card (bag tray) | D39: Rune of Unrest | E39: Hover card | F39: Gives a tile a new modifier. | H39: =LEN(F39) -> 28 | I39: 4 | J39: 5 | K39: Keep | L39: Short and true. No rune card says how long its work lasts, or that the tile must be charted. | N39: Scenes/Items/rune_table.gd | O39: 26
A40: 100 | B40: Orbs and runes | C40: Rune card (bag tray) | D40: Rune of Stillness | E40: Hover card | F40: Takes away a modifier a rune gave a tile. | H40: =LEN(F40) -> 41 | I40: 3 | J40: 5 | K40: Reword | L40: Clear once parsed. It does not say which modifier goes when there are several. | M40: Removes one modifier that a rune added to a tile | N40: Scenes/Items/rune_table.gd | O40: 28
A41: 101 | B41: Orbs and runes | C41: Rune card (bag tray) | D41: Rune of Depth | E41: Hover card | F41: Makes a tile's enemies a level higher. | H41: =LEN(F41) -> 38 | I41: 5 | J41: 5 | K41: Keep | L41: Nothing to add. | N41: Scenes/Items/rune_table.gd | O41: 30
A42: 102 | B42: Orbs and runes | C42: Rune card (bag tray) | D42: Rune of Ascent | E42: Hover card | F42: Makes a tile's enemies ascended: what they drop may be ascended. | H42: =LEN(F42) -> 64 | I42: 3 | J42: 5 | K42: Reword | L42: Explains 'ascended' with 'ascended'. The player needs the + to connect it to gear. | M42: Ascends a tile's enemies: their drops can come ascended (+1) | N42: Scenes/Items/rune_table.gd | O42: 32
A43: 103 | B43: Orbs and runes | C43: Super orb card (transcension) | D43: Orb of Replacement | E43: Hover card | F43: Replaces the modifier you choose with another, freshly rolled. | H43: =LEN(F43) -> 62 | I43: 5 | J43: 5 | K43: Keep | L43: Says you choose, and what you get. | N43: Scenes/Items/super_orb_table.gd | O43: 33
A44: 104 | B44: Orbs and runes | C44: Super orb card (transcension) | D44: Orb of Ascension | E44: Hover card | F44: Takes the item toward its next +1: +1 takes one, +2 two more, +3 three more, and so on. Each + rolls every modifier on it as if the item were %d levels higher, for good. | H44: =LEN(F44) -> 169 | I44: 2 | J44: 5 | K44: Reword | L44: The right facts in the hardest order. '+1 takes one' reads as arithmetic, and the reader has to work out that the ones and twos are orbs. | M44: Moves the item one step toward its next +. Reaching +1 takes 1 orb, +2 takes 2 more, +3 takes 3 more. Each + makes every modifier roll as if the item were %d levels higher, for good | N44: Scenes/Items/super_orb_table.gd | O44: 38
A45: 105 | B45: Orbs and runes | C45: Super orb card (transcension) | D45: Orb of Perfection | E45: Hover card | F45: Puts the modifier you choose at the top of its range, and it stays there whatever is done to the item afterwards. | H45: =LEN(F45) -> 113 | I45: 5 | J45: 5 | K45: Keep | L45: Says what it does and answers the next question before it is asked. | N45: Scenes/Items/super_orb_table.gd | O45: 43
A46: 106 | B46: Orbs and runes | C46: Super orb card (transcension) | D46: Orb of Expansion | E46: Hover card | F46: Adds one modifier more than the item's rarity allows. Once per item. | H46: =LEN(F46) -> 68 | I46: 4 | J46: 5 | K46: Keep | L46: Clear, with its limit. | N46: Scenes/Items/super_orb_table.gd | O46: 48
A47: 107 | B47: Orbs and runes | C47: Super orb card (transcension) | D47: Orb of Mending | E47: Hover card | F47: Makes a broken item whole again. | H47: =LEN(F47) -> 32 | I47: 5 | J47: 5 | K47: Keep | L47: Nothing to add. | N47: Scenes/Items/super_orb_table.gd | O47: 53
A48: 108 | B48: Orbs and runes | C48: Super orb card (transcension) | D48: Orb of Binding | E48: Hover card | F48: Locks the modifier you choose so that no orb can move it, beside whatever a smith has locked. Once per item. | H48: =LEN(F48) -> 108 | I48: 3 | J48: 5 | K48: Reword | L48: 'Move' means change here, and 'beside whatever a smith has locked' has to be read twice. | M48: Locks the modifier you choose so that no orb can change it, on top of a smith's lock. Once per item | N48: Scenes/Items/super_orb_table.gd | O48: 58
A49: 110 | B49: Bounties | C49: Bounty journal, a finished bounty | D49: 'Claim at <town>' button | E49: Tooltip | F49: Show %s on the map | G49: Show Oakford on the map | H49: =LEN(F49) -> 18 | I49: 5 | J49: 5 | K49: Keep | L49: The button's words promise a claim and the press only shows the town. The tooltip is what sets that straight, so the button itself may want the fix. | N49: Scenes/UI/bounty_list.gd | O49: 113
A50: 112 | B50: Bounties | C50: Bounty journal | D50: Give up button, after one press ('Sure?') | E50: Tooltip | F50: Press again to give it up and lose its progress | H50: =LEN(F50) -> 47 | I50: 5 | J50: 5 | K50: Keep | L50: The only place the loss is said. | N50: Scenes/UI/bounty_list.gd | O50: 397
A51: 121 | B51: Towns | C51: Merchants | D51: Restock button | E51: Tooltip | F51: Clear this shelf for new stock. Each time costs twice the last | H51: =LEN(F51) -> 62 | I51: 5 | J51: 5 | K51: Keep | L51: Says what is lost, what is gained, and the doubling, which is said nowhere else. | N51: Scenes/UI/town_page.gd | O51: 430
A52: 124 | B52: Towns | C52: Merchants and bounty board | D52: Buy, Claim or Take, greyed | E52: Tooltip: why a button is grey | F52: The bag is full | H52: =LEN(F52) -> 15 | I52: 5 | J52: 5 | K52: Keep | L52: The reason, and it is obvious what to do about it. | N52: Scenes/UI/town_page.gd | O52: 1598
A53: 128 | B53: Towns | C53: Bounty board | D53: The pips at the heading's end | E53: Tooltip | F53: %d of %d handed in. Clear the board for a reward | G53: 1 of 3 handed in. Clear the board for a reward | H53: =LEN(F53) -> 48 | I53: 5 | J53: 5 | K53: Keep | L53: Explains the pips and the gift at their end, which nothing else does. | N53: Scenes/UI/town_page.gd | O53: 678
A54: 132 | B54: Towns | C54: Bounty board | D54: Accept button, greyed | E54: Tooltip: why a button is grey | F54: Hand in the bounty you have taken first | H54: =LEN(F54) -> 39 | I54: 3 | J54: 5 | K54: Reword | L54: The only statement of the one-bounty rule. It can be read as 'the bounty you took first', and it leaves out that giving up also frees the board. | M54: You already have a bounty. Hand it in or give it up first | N54: Scenes/UI/town_page.gd | O54: 708
A55: 135 | B55: Towns | C55: Blacksmith, a piece held up | D55: Upgrade or Lock, greyed | E55: Tooltip: why a button is grey | F55: It's broken. Not my job to mend it. | H55: =LEN(F55) -> 35 | I55: 4 | J55: 5 | K55: Keep | L55: In his voice, and it hints that mending exists somewhere else. | N55: Scenes/Town/blacksmith.gd | O55: 34
A56: 136 | B56: Towns | C56: Blacksmith, a piece held up | D56: Upgrade, greyed (an heirloom) | E56: Tooltip: why a button is grey | F56: It climbs to level %d on its own | G56: It climbs to level 12 on its own | H56: =LEN(F56) -> 32 | I56: 3 | J56: 5 | K56: Reword | L56: True, but it does not say how, or that it is because the piece is an heirloom. | M56: An heirloom: it rises to level %d by itself as you chart land | N56: Scenes/Town/blacksmith.gd | O56: 53
A57: 137 | B57: Towns | C57: Blacksmith, a piece held up | D57: Upgrade, greyed | E57: Tooltip: why a button is grey | F57: Level %d is the most here | G57: Level 9 is the most here | H57: =LEN(F57) -> 25 | I57: 3 | J57: 5 | K57: Reword | L57: 'Here' is doing the work: the limit is this town's smith, and a deeper one goes further. | M57: This smith cannot go past level %d. One deeper in can | N57: Scenes/Town/blacksmith.gd | O57: 54
A58: 138 | B58: Towns | C58: Blacksmith, a piece held up | D58: Lock button | E58: Tooltip | F58: Pin one of its modifiers for good, for %s gold | G58: Pin one of its modifiers for good, for 5K gold | H58: =LEN(F58) -> 46 | I58: 2 | J58: 5 | K58: Reword | L58: Leaves out the fact that matters most: the smith picks the modifier at random. It also says 'pin' under a button that says Lock, and not what a pinned modifier is safe from. | M58: Locks one of its modifiers, picked at random, so that no orb can change it. For good | N58: Scenes/UI/town_page.gd | O58: 902
A59: 139 | B59: Towns | C59: Blacksmith, a piece held up | D59: Lock, greyed | E59: Tooltip: why a button is grey | F59: One lock to an item | H59: =LEN(F59) -> 19 | I59: 3 | J59: 5 | K59: Reword | L59: A rule stated as a proverb. | M59: This item already has a locked modifier | N59: Scenes/Town/blacksmith.gd | O59: 83
A60: 140 | B60: Towns | C60: Blacksmith, a piece held up | D60: Lock, greyed | E60: Tooltip: why a button is grey | F60: Nothing here to lock | H60: =LEN(F60) -> 20 | I60: 4 | J60: 5 | K60: Reword | L60: Clear enough. Naming the thing missing is clearer. | M60: This item has no modifiers to lock | N60: Scenes/Town/blacksmith.gd | O60: 84
A61: 141 | B61: Towns | C61: Fortuneteller | D61: A spell's square (icon and price, no name): Roads | E61: Tooltip | F61: Brings every settlement between the ice walls around you, and the land beside it, out of the fog | H61: =LEN(F61) -> 96 | I61: 3 | J61: 5 | K61: Reword | L61: The square has no words at all, so this carries everything. 'Between the ice walls around you' is hard to picture, and the verb comes a long way before 'out of the fog'. | M61: Reveals every settlement inside this ring of ice walls, and the tiles next to each | N61: Scenes/UI/town_page.gd | O61: 135
A62: 142 | B62: Towns | C62: Fortuneteller | D62: A spell's square (icon and price, no name): Treasure | E62: Tooltip | F62: Puts a star over the nearest chest you have not seen. It stays until that chest is opened | H62: =LEN(F62) -> 89 | I62: 4 | J62: 5 | K62: Keep | L62: What you get and how long it lasts. | N62: Scenes/UI/town_page.gd | O62: 136
A63: 143 | B63: Towns | C63: Fortuneteller | D63: A spell's square (icon and price, no name): Appraise | E63: Tooltip | F63: Lists every modifier the open item can roll, the range it rolls in at the item's level, and how often it comes up | H63: =LEN(F63) -> 113 | I63: 4 | J63: 5 | K63: Keep | L63: Complete. 'The open item' assumes the player knows a piece has to be open in the bag. | N63: Scenes/UI/town_page.gd | O63: 137
A64: 144 | B64: Towns | C64: Fortuneteller | D64: A spell's square (icon and price, no name): Scour | E64: Tooltip | F64: Brings a tile and the two rings of land around it, nineteen tiles, out of the fog | H64: =LEN(F64) -> 81 | I64: 3 | J64: 5 | K64: Reword | L64: Does not say the player picks the tile, which is the point of the spell. | M64: Reveals a tile you choose and the two rings of land around it: nineteen tiles | N64: Scenes/UI/town_page.gd | O64: 138
A65: 145 | B65: Towns | C65: Fortuneteller | D65: A spell's square (icon and price, no name): Return | E65: Tooltip | F65: Moves you to a settlement or the Gollux cave you have already charted | H65: =LEN(F65) -> 69 | I65: 4 | J65: 5 | K65: Keep | L65: Clear. It names the Gollux cave to players who have not met Gollux yet. | N65: Scenes/UI/town_page.gd | O65: 139
A66: 146 | B66: Towns | C66: Fortuneteller | D66: A spell's square (icon and price, no name): Transcend | E66: Tooltip | F66: Ends this world and starts a new one, worth far more | H66: =LEN(F66) -> 52 | I66: 3 | J66: 5 | K66: Reword | L66: The biggest press in the game. 'Worth far more' does not say more of what, and nothing here says what is kept. Her question after the press does say what is lost. | M66: Ends this world and starts a new one. You keep one item as an heirloom | N66: Scenes/UI/town_page.gd | O66: 140
A67: 147 | B67: Towns | C67: Fortuneteller | D67: A spell's square (icon and price, no name): Banish | E67: Tooltip | F67: Keeps a unique you choose from dropping in this world | H67: =LEN(F67) -> 53 | I67: 4 | J67: 5 | K67: Reword | L67: For a moment 'Keeps a unique' reads as the opposite of what the spell does. | M67: Stops a unique you choose from dropping in this world | N67: Scenes/UI/town_page.gd | O67: 142
A68: 148 | B68: Towns | C68: Fortuneteller | D68: A great spell's square, greyed | E68: Tooltip: why a button is grey | F68: That spell is spent here | H68: =LEN(F68) -> 24 | I68: 4 | J68: 5 | K68: Reword | L68: Says it is gone, not that it comes back in another town. | M68: Already cast in this town. Another town will sell it | N68: Scenes/UI/town_page.gd | O68: 1442
A69: 149 | B69: Towns | C69: Fortuneteller | D69: Roads, greyed | E69: Tooltip: why a button is grey | F69: Already bought here | H69: =LEN(F69) -> 19 | I69: 4 | J69: 5 | K69: Reword | L69: The same rule as the row above in different words. | M69: Already cast in this town. Another town will sell it | N69: Scenes/UI/town_page.gd | O69: 1444
A70: 150 | B70: Towns | C70: Fortuneteller | D70: Treasure, greyed | E70: Tooltip: why a button is grey | F70: The star is already out | H70: =LEN(F70) -> 23 | I70: 3 | J70: 5 | K70: Reword | L70: 'Out' can mean showing or gone. | M70: A chest is already marked. Open it first | N70: Scenes/UI/town_page.gd | O70: 1449
A71: 151 | B71: Towns | C71: Fortuneteller | D71: Treasure, greyed | E71: Tooltip: why a button is grey | F71: She sees no hidden chest | H71: =LEN(F71) -> 24 | I71: 4 | J71: 5 | K71: Keep | L71: In her voice and clear. | N71: Scenes/UI/town_page.gd | O71: 1451
A72: 152 | B72: Towns | C72: Fortuneteller | D72: Appraise, greyed | E72: Tooltip: why a button is grey | F72: Open an item in your bag | H72: =LEN(F72) -> 24 | I72: 5 | J72: 5 | K72: Keep | L72: Tells the player the step they have missed. | N72: Scenes/Town/fortune_teller.gd | O72: 101
A73: 153 | B73: Towns | C73: Fortuneteller | D73: Appraise, greyed (a unique is open) | E73: Tooltip: why a button is grey | F73: A unique's lines are already written | H73: =LEN(F73) -> 36 | I73: 2 | J73: 5 | K73: Reword | L73: Poetic, and the player is left to work out that it means there is nothing to appraise. | M73: A unique's modifiers are fixed. There is nothing to appraise | N73: Scenes/Town/fortune_teller.gd | O73: 86
A74: 154 | B74: Towns | C74: Fortuneteller | D74: Return, greyed | E74: Tooltip: why a button is grey | F74: You have found nowhere else to stand | H74: =LEN(F74) -> 36 | I74: 2 | J74: 5 | K74: Reword | L74: Sounds like a remark, not a reason. | M74: You have charted no other settlement to go to | N74: Scenes/UI/town_page.gd | O74: 1458
A75: 157 | B75: Towns | C75: Fortuneteller: Banish screen | D75: Banish button, greyed | E75: Tooltip: why a button is grey | F75: You need at least %d uniques in the drop pool | G75: You need at least 5 uniques in the drop pool | H75: =LEN(F75) -> 45 | I75: 3 | J75: 5 | K75: Reword | L75: 'Drop pool' is a developer's term. | M75: She always leaves at least %d uniques able to drop | N75: Scenes/Town/fortune_teller.gd | O75: 170
A76: 167 | B76: Character page | C76: Attributes | D76: Strength, Dexterity or Intelligence chip | E76: Tooltip | F76: Each point of %s adds %.1f%% more %s Yours add +%.1f%% | G76: Each point of Strength adds 0.5% more Damage / Yours add +12.0% | H76: =LEN(F76) -> 54 | I76: 5 | J76: 5 | K76: Keep | L76: The only place the game says what an attribute does, with the player's own total under it. A model tooltip. | N76: Scenes/UI/character_page.gd | O76: 305
A77: 170 | B77: Character page | C77: Stat tables (a row's tooltip is where its number comes from) | D77: Crit Chance and the three Reduction rows | E77: Tooltip | F77: At most %s%% | G77: At most 75% | H77: =LEN(F77) -> 12 | I77: 4 | J77: 5 | K77: Keep | L77: The only sign that the number has hit a cap and more of the stat is wasted. | N77: Scenes/UI/character_page.gd | O77: 470, 479
A78: 171 | B78: Character page | C78: Stat tables (a row's tooltip is where its number comes from) | D78: Attack Speed row | E78: Tooltip | F78: At most %.1f/s | G78: At most 5.0/s | H78: =LEN(F78) -> 14 | I78: 4 | J78: 5 | K78: Keep | L78: A cap, said where it bites. | N78: Scenes/UI/character_page.gd | O78: 473
A79: 173 | B79: Character page | C79: Stat tables (a row's tooltip is where its number comes from) | D79: Armour row | E79: Tooltip | F79: %d%% off every blow | G79: 18% off every blow | H79: =LEN(F79) -> 19 | I79: 5 | J79: 5 | K79: Keep | L79: Turns a rating into what it does. The best kind of stat tooltip. | N79: Scenes/UI/character_page.gd | O79: 481
A80: 174 | B80: Character page | C80: Stat tables (a row's tooltip is where its number comes from) | D80: Dodge row | E80: Tooltip | F80: %d%% of blows dodged | G80: 12% of blows dodged | H80: =LEN(F80) -> 20 | I80: 5 | J80: 5 | K80: Keep | L80: Turns a rating into what it does. | N80: Scenes/UI/character_page.gd | O80: 483
A81: 177 | B81: Character page | C81: Stat tables (a row's tooltip is where its number comes from) | D81: Fight Clock row | E81: Tooltip | F81: Gear at most %s | H81: =LEN(F81) -> 15 | I81: 4 | J81: 5 | K81: Keep | L81: A cap, said where it bites. | N81: Scenes/UI/character_page.gd | O81: 489
A82: 182 | B82: Collection | C82: Collection log, at the foot | D82: Info mark (comes up at once) | E82: Tooltip | F82: Each unique found adds %d%% increased Damage, worn or not | G82: Each unique found adds 1% increased Damage, worn or not | H82: =LEN(F82) -> 57 | I82: 5 | J82: 5 | K82: Keep | L82: The rule behind the '+N% Damage' beside it, with the one doubt ('worn or not') answered. | N82: Scenes/UI/collection_page.gd | O82: 79
A83: 190 | B83: Leaderboard | C83: You, signed out | D83: Sign in button | E83: Tooltip | F83: Put your descents on the board: your save goes to the cloud. You sign in with Google or Discord, in your browser | H83: =LEN(F83) -> 112 | I83: 4 | J83: 5 | K83: Check | L83: Tells the player their save will be uploaded and that a browser will open, before the press. Good. 'Your descents' is out of date: there are three boards now. | M83: Put your scores on the boards: your save goes to the cloud. You sign in with Google or Discord, in your browser | N83: Scenes/UI/leaderboard_page.gd | O83: 97
A84: 193 | B84: Leaderboard | C84: You, signing in (also in Settings) | D84: The four big letters | E84: Tooltip | F84: Signing in, in your browser. It shows these letters too: if they differ, close it | H84: =LEN(F84) -> 81 | I84: 3 | J84: 5 | K84: Reword | L84: The letters stand on the page with no words, so this is their only explanation, and it is a safety check. 'It' and 'close it' leave the reader to work out what. | M84: The sign-in page in your browser shows these same letters. If it shows different ones, close that page | N84: Scenes/UI/leaderboard_page.gd | O84: 257
A85: 195 | B85: Settings | C85: Items | D85: Detailed item descriptions tick | E85: Tooltip | F85: Shows beside each modifier the lowest and highest it could have rolled at the item's level, like +14(8-20)% increased Damage | H85: =LEN(F85) -> 124 | I85: 5 | J85: 5 | K85: Keep | L85: Explains the setting and shows an example of the result. A model tooltip. | N85: Scenes/UI/settings_page.gd | O85: 54
A86: 204 | B86: Settings | C86: Cloud save | D86: Sign in button | E86: Tooltip | F86: Keep your save in the cloud and play it on any device. You sign in with Google or Discord, in your browser | H86: =LEN(F86) -> 106 | I86: 5 | J86: 5 | K86: Keep | L86: What it is for, who with, and that a browser opens. | N86: Scenes/UI/settings_page.gd | O86: 214
A87: 206 | B87: Settings | C87: Cloud save | D87: Sign out button | E87: Tooltip | F87: This device stops saving to the cloud and keeps its save | H87: =LEN(F87) -> 56 | I87: 5 | J87: 5 | K87: Keep | L87: Answers the worry behind the press: nothing is lost. | N87: Scenes/UI/settings_page.gd | O87: 233
A88: 207 | B88: Settings | C88: Cloud save | D88: Delete cloud account button | E88: Tooltip | F88: Delete your cloud save, your board name and your place on the board. This device keeps its save | H88: =LEN(F88) -> 95 | I88: 5 | J88: 5 | K88: Keep | L88: Lists everything that goes and the one thing that stays. | N88: Scenes/UI/settings_page.gd | O88: 236
A89: 215 | B89: Cloud save | C89: 'Keep which save?' | D89: Keep this device's button | E89: Tooltip | F89: This device's save goes to the cloud in the other's place | H89: =LEN(F89) -> 57 | I89: 3 | J89: 5 | K89: Reword | L89: A press that destroys a save for good. 'In the other's place' is a soft way to say the cloud's save is overwritten. | M89: This device's save replaces the cloud's | N89: Scenes/UI/cloud_question.gd | O89: 45
A90: 216 | B90: Cloud save | C90: 'Keep which save?' | D90: Keep the cloud's button | E90: Tooltip | F90: The cloud's save replaces this device's | H90: =LEN(F90) -> 39 | I90: 5 | J90: 5 | K90: Keep | L90: Plain about what is lost. | N90: Scenes/UI/cloud_question.gd | O90: 46
A91: 1 | B91: Map and main screen | C91: Corner buttons | D91: Star button (icon only), key K | E91: Tooltip | F91: Skill tree | H91: =LEN(F91) -> 10 | I91: 5 | J91: 4 | K91: Keep | L91: A star does not say skill tree. The name and the key are both news. | N91: Scenes/main_scene.gd | O91: 911
A92: 2 | B92: Map and main screen | C92: Corner buttons | D92: Chest button (icon only), key I | E92: Tooltip | F92: Items | H92: =LEN(F92) -> 5 | I92: 5 | J92: 4 | K92: Keep | L92: Names the icon and shows its key. | N92: Scenes/main_scene.gd | O92: 914
A93: 3 | B93: Map and main screen | C93: Corner buttons | D93: Scroll button (icon only), key J | E93: Tooltip | F93: Bounties | H93: =LEN(F93) -> 8 | I93: 5 | J93: 4 | K93: Keep | L93: A scroll could be many things. The name settles it. | N93: Scenes/main_scene.gd | O93: 917
A94: 5 | B94: Map and main screen | C94: Corner buttons | D94: Book button (icon only), key L | E94: Tooltip | F94: Collection | H94: =LEN(F94) -> 10 | I94: 4 | J94: 4 | K94: Keep | L94: Names the icon, but not what is collected (the uniques found). | N94: Scenes/main_scene.gd | O94: 923
A95: 7 | B95: Map and main screen | C95: Corner buttons | D95: Podium button (icon only), key P | E95: Tooltip | F95: Leaderboard | H95: =LEN(F95) -> 11 | I95: 5 | J95: 4 | K95: Keep | L95: Names the icon and shows its key. | N95: Scenes/main_scene.gd | O95: 929
A96: 8 | B96: Map and main screen | C96: Corner buttons | D96: Crown button (icon only), key H | E96: Tooltip | F96: Heirlooms | H96: =LEN(F96) -> 9 | I96: 4 | J96: 4 | K96: Keep | L96: A crown does not say heirloom, so the name is needed. The word itself is only explained at a transcension. | N96: Scenes/main_scene.gd | O96: 932
A97: 9 | B97: Map and main screen | C97: Corner panel | D97: The hero's portrait panel, key C | E97: Tooltip | F97: Character | H97: =LEN(F97) -> 9 | I97: 5 | J97: 4 | K97: Keep | L97: Nothing else says the panel is a button. | N97: Scenes/main_scene.gd | O97: 950
A98: 11 | B98: Map and main screen | C98: Map edge | D98: The hero's badge (portrait and arrow) | E98: Tooltip | F98: Find the hero | H98: =LEN(F98) -> 13 | I98: 4 | J98: 4 | K98: Cut | L98: Says the badge can be pressed. 'Find' reads as a task for the player, when the press does the finding. | M98: Centre the map on your hero | N98: Scenes/main_scene.gd | O98: 731
A99: 12 | B99: Map and main screen | C99: Map foot, while walking | D99: Stop button | E99: Tooltip | F99: Stop on the next tile | H99: =LEN(F99) -> 21 | I99: 5 | J99: 4 | K99: Cut | L99: Adds the one thing the word Stop leaves open: where the hero ends up. | N99: Scenes/main_scene.gd | O99: 734
A100: 27 | B100: Map and main screen | C100: A cleared board's reward (pick 1 of 3) | D100: An orb among the three | E100: Tooltip | F100: (the orb's own description, as on its card) | H100: =LEN(F100) -> 43 | I100: 3 | J100: 4 | K100: Keep | L100: Only the orb's name is written under the square, so this is how a player choosing between three finds out what the orb does. | N100: Scenes/main_scene.gd | O100: 1499
...

Sheet Developer only
A1: # | B1: Where it shows | C1: On | D1: Text | E1: File | F1: Line
A2: 1 | B2: Settings foot (debug builds) | C2: Developer button | D2: Dev: the tools a release build has none of | E2: Scenes/UI/settings_page.gd | F2: 395
A3: 2 | B3: Developer screen | C3: Show all uniques tick | D3: The collection log draws every unique as found | E3: Scenes/UI/settings_page.gd | F3: 496
A4: 3 | B4: Developer screen | C4: Show all chests tick | D4: Every chest is drawn on the map, fog or not | E4: Scenes/UI/settings_page.gd | F4: 500
A5: 4 | B5: Developer screen | C5: Show old icons tick | D5: An item whose icon was replaced wears its old one, from the next time it is drawn | E5: Scenes/UI/settings_page.gd | F5: 504
A6: 5 | B6: Developer screen | C6: Show all services tick | D6: Every settlement offers every counter, from the next time one is entered | E6: Scenes/UI/settings_page.gd | F6: 507
A7: 6 | B7: Developer screen | C7: Even loot tick | D7: A body drops loot one time in three, every rarity from common to unique as likely, from the next fight | E7: Scenes/UI/settings_page.gd | F7: 511
A8: 7 | B8: Developer screen | C8: Unlock Banish tick | D8: The fortuneteller offers Banish however few uniques are unlocked, from the next time her tab is opened | E8: Scenes/UI/settings_page.gd | F8: 514
A9: 8 | B9: Developer screen | C9: Gold x10 button | D9: Multiply your gold by ten | E9: Scenes/UI/settings_page.gd | F9: 516
A10: 9 | B10: Developer screen | C10: Skill points +10 button | D10: Ten levels, and the ten skill points they earn | E10: Scenes/UI/settings_page.gd | F10: 517
A11: 10 | B11: Developer screen | C11: Balancing button | D11: Scale enemy health wall by wall | E11: Scenes/UI/settings_page.gd | F11: 519
A12: 11 | B12: Developer screen | C12: Item generator button | D12: Make an item to order | E12: Scenes/UI/settings_page.gd | F12: 521
A13: 12 | B13: Developer screen | C13: Back arrow | D13: Back to the settings | E13: Scenes/UI/settings_page.gd | F13: 494
... A20: 19 | B20: Item generator | C20: Add to bag, greyed | D20: The bag is full | E20: Scenes/UI/item_generator.gd | F20: 161

Sheet Patterns
A1: Habit | B1: Where it shows | C1: What to do
A2: The best tooltips say what the press changes | B2: Farm ('for as long as you like, for the loot'), Restock ('Each time costs twice the last'), the attribute chips, Detailed item descriptions (with an example), the level heading's 'Sell 7 level 3 items for 1.2K gold', Sign out ('keeps its save'), Armour ('18% off every blow'). | C2: Use these as the pattern: a consequence, a number or a reassurance the button's own word cannot carry.
A3: Some two dozen only repeat their button | B3: 'Take this one' on Take, 'Give this bounty up' on Give up, 'Walk to the selected tile' on Move here, 'Take this work on' on Accept, 'Read the board again' on Refresh, and 'Close the ...' on every X. | C3: Cut them, or give each the one fact the button leaves out (as 'Stop on the next tile' does for Stop). Filter Verdict = Cut for the list.
A4: Some tooltips can never be seen | B4: Every item square ignores the mouse so that the grid under it can be dragged, and the tip card only reads what the mouse is on. Lost with it: the doll's socket names, 'Iron Greatsword takes both hands', a bounty's promised piece in words, 'Bought. Restock fills the shelf again'. The save error panel's 'Quit' is built before the tip card exists. | C4: Filter Kind = Never shown. Five are worth rescuing (Verdict = Never shows). The rest are covered by the item card and can stay as they are.
A5: An orb's sentence leaves out its catch | B5: Transmutation and Alchemy lower a rarer item and do not say so. Augmentation says 'at any rarity' and refuses a common item. The smith's Lock picks its modifier at random and the tooltip says only 'Pin one of its modifiers'. No rune card says how long its work lasts. | C5: These are the only explanations the game gives, and each is spent on something the player cannot undo. Say the catch first.
A6: One thing, several words | B6: Lock (the button), pin (its tooltip), bind (the super orb) and Never sell (the bag's padlock). Bounty, posting and 'work'. 'Spent here' and 'Already bought here' for the same once-a-town rule. 'Turned up', 'found' and 'collect' for loot. 'Out of the fog' where every other game says reveal. | C6: Pick one word for each and use it on the button and in its tooltip alike.
A7: Words the player has never been given | B7: 'Sell all' and 'the bin' are icons with no name on screen, yet the Never sell tooltip is written in them. 'The handful', 'the drop pool', 'reroll', 'tier', 'ascended', 'the choice', 'a skull for your curses'. | C7: Either name the thing where it stands, or describe it in the tooltip ('when a whole level is sold or discarded').
A8: A few are out of date | B8: Sign in says 'Put your descents on the board' and there are three boards. Collect says 'Take it all back to the map' and loot is already in the bag. The Abilities unlock describes something not built. An orb spent to nothing reads 'Not found yet'. | C8: Filter Verdict = Check.
A9: Grey buttons nearly always say why, which is right | B9: Equip, Unequip, Buy, Claim, Restock, the smith's two, every spell, Chart and Farm all give the reason, and most say what to do about it ('Open an item in your bag'). | C9: Three still do not: the skill tree's Reset, the leaderboard's Choose name under three letters, and Make heirloom on a broken piece (it states the fact, not the rule). Banish stays silent by your ruling of 2026-10-10.
A10: Where a tooltip is missing | B10: The character page's rows say where a number comes from and when it is capped, never what the stat does. Recoup, Time on Hit, Bleed, Elite Chance and most of the others have an empty tooltip. | C10: The Armour and Dodge rows show the way: one short line that turns the stat into what happens in a fight.
