Workbook

Sheet About
A1: Kobold Clicker: what the characters say
A2: Exported | B2: 2026-10-10, from the working tree (uncommitted changes included)
A4: Counts
A5: Rows | B5: =COUNTA(Dialogue!F2:F40) -> 39
A6: Pages spoken in a dialogue box | B6: =COUNTIF(Dialogue!E2:E40,"* of *") -> 27
A7: Pages that say what to do | B7: =COUNTIF(Dialogue!K2:K40,"Yes*") -> 15
A8: Pages that set up the next page | B8: =COUNTIF(Dialogue!K2:K40,"Set-up*") -> 7
A9: Pages that leave a gap | B9: =COUNTIF(Dialogue!K2:K40,"Partly*")+COUNTIF(Dialogue!K2:K40,"No*") -> 5
A10: Lines in voice | B10: =COUNTIF(Dialogue!L2:L40,"In voice*") -> 29
A11: Lines off voice | B11: =COUNTIF(Dialogue!L2:L40,"Off voice*") -> 6
A12: 2 - Needs a second read | B12: =COUNTIF(Dialogue!M2:M40,"2 - *") -> 4
A13: 3 - Minor | B13: =COUNTIF(Dialogue!M2:M40,"3 - *") -> 10
A15: How the box paces a page
A16: Letters typed per second | B16: 30
B17: Source: DialogueBox.LETTERS_PER_SECOND (Scenes/UI/dialogue_box.gd). "Seconds to type" is a page's letters over this; a click finishes the page at once.
A19: Sheets
A20: Personas | B20: The house rules for dialogue, a persona for each speaker, the numbers behind it, and one moment written in all three voices. The flavors (cheerful and ready, tired and dry, gruff and proud) are the ones already set for the game; the rest is read off the lines the game has.
A21: Dialogue | B21: Every line a character says, one row each, checked three ways: does it tell the player what to do, is it in voice, does it read.
A22: Hard to read | B22: Only the rows with a readability problem.
A23: Patterns | B23: What runs through the dialogue as a whole.
A25: How to read a row
A26: Conversation | B26: The id of a first-time conversation (main_scene.gd TIPS), each shown once. "Her page" and "His page" rows are in a character's voice but written on their town page, not in a dialogue box.
A27: Lines in the box | B27: How many lines the page wraps to in the dialogue box (220 pixels wide, the body font), measured by the game itself.
A28: What the player should do | B28: The reviewer's reading of what the conversation is there for, from when it is shown.
A29: Does the line say so? | B29: The house rule as a check: the line should tell the player what to do, sideways. "Set-up" is a page that leads into the one that does.
A30: Voice check | B30: Whether the line sounds like its speaker's persona, and which signature move it shows. "Off voice" lines get a draft.
A31: Readability | B31: Blank means no problem found. 2 = the player is likely to miss what to do, or the text is wrong. 3 = small. Nothing here was rated 1. The judgement is a reviewer's reading, not a measurement.
A32: Draft in their voice | B32: A proposal written to the speaker's persona and the house rules: one hint, nothing extra. Drafts, not final lines.
A34: What is in | B34: Every page of the fifteen first-time conversations, the fortuneteller's and blacksmith's own words on their town pages, and the three speaker names.
A35: What is out | B35: Everything no character says: buttons, tooltips, item text. That is in game_copy.xlsx.

Sheet Personas
A1: House rules, for every speaker
A2: Characters speak, never a narrator | B2: Every first-time tip is said by someone in the world. The hero's portrait stands on the left, everyone else's on the right.
A3: A line tells you what to do, never directly | B3: Dialogue is the game's exposition: each conversation shows the player what to do with the new thing. It does so sideways, as a grumble, a boast or a joke, never as a lesson. No "click", "press" or "button", and no line that would read the same in a manual.
A4: Nothing extra | B4: One hint, and stop. What the player will see on the next screen stays unsaid. Says too much: "It'll cost you everything but one heirloom, and you'll thank me." Right: "It'll cost you everything but you'll thank me in the next one."
A5: No free pointers | B5: Nobody says where a thing is for nothing. Finding things is what the fortuneteller sells.
A6: One thought a page | B6: Two lines in the box or fewer. A second thought is a second page.
A7: Merchants do not speak | B7: The gear merchant and the orb vendor have no lines. Their counters say what they need to.
A9: Persona | B9: Hero | C9: Fortuneteller | D9: Blacksmith
A10: Flavor | B10: Cheerful and ready | C10: Tired and dry | D10: Gruff and proud
A11: In one line | B11: A small scavenger with big plans, delighted by everything he finds and sure it is his. | C11: She has watched a hundred heroes do exactly what you are about to do, and it wore her out. | D11: A craftsman who would rather be working than talking, and who is never the one at fault.
A12: Who they are | B12: The kobold the player plays. Scales, quick hands, not much height. Named by the player ("Adventurer" until then). | C12: The seer at a counter in every settlement. She sells knowledge and the way out of the world. | D12: The smith at his anvil. He upgrades and locks gear, and hands out the reward for a cleared bounty board.
A13: Where they speak | B13: To himself, out loud, on the map and in fights, at each first. Portrait on the left. | C13: At her counter, and once out on the map when the first ice wall falls. Portrait on the right. | D13: At his counter, and over the bounty board's reward. Portrait on the right, with his anvil.
A14: Attitude to the player | B14: He is the player. He never addresses "you": he thinks aloud. | C14: "You" are one more of "them". She is unimpressed, and faintly on your side. | D14: You are a customer he has not thrown out yet. His approval is the least he can say.
A15: Sentence shape | B15: Short bursts in the present tense, three to eight words. Often a beat, then a second beat that undoes the first. | C15: The future tense, in the second person: she tells you what you will do. Long sentences joined with "and" that slide from the rule into a complaint. | D15: Commands and verdicts. Fragments of one to five words. Never a question mark.
A16: Signature moves | B16: Claims it ("Mine now."). Tests it the dumb way and reports ("Can't eat it. I checked both."). Announces a plan ("Right. Plan."). Talks himself up, then corrects himself. Takes danger as good news. Senses things with his body (hears it breathing, feels it in his scales). | C16: Predicts you ("You'll want..."). Lumps you with everyone before ("They always..."). Always mentions the price, as your problem. Turns a rule into a grumble about herself ("I'm not young anymore."). Backhanded welcome ("Took you long enough."). | D16: Gives orders ("Don't touch anything else."). Tag statement with a full stop ("Took one on, did you."). Says the key word twice ("Pick one. One."). Blames the material or the tool, never himself. The money is settled, not discussed ("You still pay."). Proud of his own work.
A17: Words they reach for | B17: mine, stuff, proper, something, right, good, plan | C17: want, cost, again, always, once, they, though | D17: work, metal, anvil, hammer, pay, jobs, fine, good
A18: How they name game things | B18: By look and feel, never by name: "the sticky stuff", "it's warm, and it's glowing". He does not know what an orb is called. | C18: By what people want from them: "the chest", "the great ones", "out". She can say a spell's name once, wearily. | D18: By the craft: "the metal", "what's on it", "my own work". He can say "level" and "lock", flatly.
A19: How a rule leaks out | B19: As something he is about to try, or something he noticed while boasting. | C19: As a prediction of your mistake, or a complaint about her age or your face. | D19: As an order, or as whose fault it is not.
A20: Never | B20: Game terms or numbers. Advice to the player. Sarcasm (that is hers). Fear without bravado. | C20: Exclamation marks. Enthusiasm. Questions (she already knows). Crystal-ball talk: no spirits, no "I foresee". | D20: Question marks. Apologies. More than two sentences on one subject. Praise without a "fine" in front of it.
... A24: In the game today | B24: Hero | C24: Fortuneteller | D24: Blacksmith
A25: Pages in a dialogue box | B25: =COUNTIFS(Dialogue!$B$2:$B$40,"Hero",Dialogue!$E$2:$E$40,"* of *") -> 14 | C25: =COUNTIFS(Dialogue!$B$2:$B$40,"Fortuneteller",Dialogue!$E$2:$E$40,"* of *") -> 5 | D25: =COUNTIFS(Dialogue!$B$2:$B$40,"Blacksmith",Dialogue!$E$2:$E$40,"* of *") -> 8
A26: Letters a page, on average | B26: =ROUND(AVERAGEIFS(Dialogue!$G$2:$G$40,Dialogue!$B$2:$B$40,"Hero",Dialogue!$E$2:$E$40,"* of *"),0) -> 47 | C26: =ROUND(AVERAGEIFS(Dialogue!$G$2:$G$40,Dialogue!$B$2:$B$40,"Fortuneteller",Dialogue!$E$2:$E$40,"* of *"),0) -> 82 | D26: =ROUND(AVERAGEIFS(Dialogue!$G$2:$G$40,Dialogue!$B$2:$B$40,"Blacksmith",Dialogue!$E$2:$E$40,"* of *"),0) -> 56
A27: Longest page, in letters | B27: =_xlfn.MAXIFS(Dialogue!$G$2:$G$40,Dialogue!$B$2:$B$40,"Hero",Dialogue!$E$2:$E$40,"* of *") -> 74 | C27: =_xlfn.MAXIFS(Dialogue!$G$2:$G$40,Dialogue!$B$2:$B$40,"Fortuneteller",Dialogue!$E$2:$E$40,"* of *") -> 135 | D27: =_xlfn.MAXIFS(Dialogue!$G$2:$G$40,Dialogue!$B$2:$B$40,"Blacksmith",Dialogue!$E$2:$E$40,"* of *") -> 80
A28: Longest page, in lines | B28: =_xlfn.MAXIFS(Dialogue!$H$2:$H$40,Dialogue!$B$2:$B$40,"Hero",Dialogue!$E$2:$E$40,"* of *") -> 2 | C28: =_xlfn.MAXIFS(Dialogue!$H$2:$H$40,Dialogue!$B$2:$B$40,"Fortuneteller",Dialogue!$E$2:$E$40,"* of *") -> 4 | D28: =_xlfn.MAXIFS(Dialogue!$H$2:$H$40,Dialogue!$B$2:$B$40,"Blacksmith",Dialogue!$E$2:$E$40,"* of *") -> 2
A30: The same moment, three voices (drafts, unless marked) | B30: Hero | C30: Fortuneteller | D30: Blacksmith
A31: An ice wall falls | B31: It fell over! I did that. Mostly. | C31: The wall's down, then. Took you long enough. (in the game) | D31: Heard it from here. Sloppy ice.
A32: A unique is found | B32: Now this is something. I wonder how many more are out there. (in the game) | C32: You'll want the rest now. I know where they are. It'll cost you. | D32: Not my work. Good work, though. Don't repeat that.
A33: Not enough gold | B33: I counted twice. Still not enough. Counting is rigged. | C33: You'll be back when you can pay. They always come back. | D33: No coin, no hammer.
A34: Back after a long time away | B34: I had a nap. A long one. Everything's still mine, right. | C34: You were gone a while. I didn't notice. I'm telling you I didn't notice. | D34: Anvil's cold. Took your time.

Sheet Dialogue
A1: # | B1: Speaker | C1: Conversation | D1: When it is said | E1: Page | F1: Text | G1: Letters | H1: Lines in the box | I1: Seconds to type | J1: What the player should do | K1: Does the line say so? | L1: Voice check | M1: Readability | N1: Problem | O1: Draft in their voice | P1: File | Q1: Line
A2: 1 | B2: Hero | C2: first_item | D2: After the fight that drops your first item. The bag button appears with it. | E2: 1 of 2 | F2: That one dropped something. Mine now. | G2: =LEN(F2) -> 37 | H2: 1 | I2: =ROUND(G2/About!$B$16,1) -> 1.2 | J2: Open the bag and put it on | K2: Set-up for the next page | L2: In voice: claims it | P2: Scenes/main_scene.gd | Q2: 277
A3: 2 | B3: Hero | C3: first_item | D3: After the fight that drops your first item. The bag button appears with it. | E3: 2 of 2 | F3: Let's see if it fits. | G3: =LEN(F3) -> 21 | H3: 1 | I3: =ROUND(G3/About!$B$16,1) -> 0.7 | J3: Open the bag and put it on | K3: Yes, sideways: "see if it fits" is put it on | L3: In voice: tries it at once | P3: Scenes/main_scene.gd | Q3: 278
A4: 3 | B4: Hero | C4: first_orb | D4: After the fight that drops your first orb. | E4: 1 of 1 | F4: It's warm, and it's glowing. My gear would look good glowing. | G4: =LEN(F4) -> 61 | H4: 2 | I4: =ROUND(G4/About!$B$16,1) -> 2 | J4: Use the orb on a piece of gear | K4: Yes, sideways: he wants his gear to glow, so it goes on gear | L4: In voice: names it by its feel | P4: Scenes/main_scene.gd | Q4: 281
A5: 4 | B5: Hero | C5: first_stone | D5: After the fight that drops your first skill node. | E5: 1 of 1 | F5: Can't wear it. Can't eat it. I checked both. Maybe I can learn from it. | G5: =LEN(F5) -> 71 | H5: 2 | I5: =ROUND(G5/About!$B$16,1) -> 2.4 | J5: Keep it: it goes on the skill tree when you transcend | K5: Partly: "learn from it" points at skills, not at keeping it for the next world | L5: In voice: tests it the dumb way and reports | M5: 2 - Needs a second read | N5: "Learn from it" points at skills, but nodes can only be placed when you transcend. The player is left holding something they cannot use, with no hint that it is for later. | O5: Can't wear it. Can't eat it. I checked both. Maybe I can learn from it | P5: Scenes/main_scene.gd | Q5: 284
A6: 5 | B6: Hero | C6: level_up | D6: On reaching level 2. The skill tree button appears with it. | E6: 1 of 3 | F6: I feel stronger. Taller, even. | G6: =LEN(F6) -> 30 | H6: 1 | I6: =ROUND(G6/About!$B$16,1) -> 1 | J6: Spend the skill point | K6: Set-up for the next page | L6: In voice: talks himself up | P6: Scenes/main_scene.gd | Q6: 287
A7: 6 | B7: Hero | C7: level_up | D7: On reaching level 2. The skill tree button appears with it. | E7: 2 of 3 | F7: well ... | G7: =LEN(F7) -> 8 | H7: 1 | I7: =ROUND(G7/About!$B$16,1) -> 0.3 | J7: Spend the skill point | K7: Set-up for the next page | L7: In voice: catches himself | M7: 3 - Minor | N7: Lowercase start and a space before the dots; the next page has a space after them. Every other line is a full sentence. | O7: Well... | P7: Scenes/main_scene.gd | Q7: 288
A8: 7 | B8: Hero | C8: level_up | D8: On reaching level 2. The skill tree button appears with it. | E8: 3 of 3 | F8: ... probably not taller. | G8: =LEN(F8) -> 24 | H8: 1 | I8: =ROUND(G8/About!$B$16,1) -> 0.8 | J8: Spend the skill point | K8: No: nothing hints at the point to spend | L8: In voice: corrects himself | M8: 3 - Minor | N8: Nothing hints at the point he has to spend. The skill tree button pulses beside it, so the screen does most of the work. (Also the spaced dots: see the page before.) | O8: ...probably not taller. | P8: Scenes/main_scene.gd | Q8: 289
A9: 8 | B9: Hero | C9: first_farm | D9: On your first farm run. | E9: 1 of 1 | F9: They just keep coming! Good. No rush, then. | G9: =LEN(F9) -> 43 | H9: 1 | I9: =ROUND(G9/About!$B$16,1) -> 1.4 | J9: Stay as long as you like: there is no clock | K9: Yes, sideways: "no rush" is no clock | L9: In voice: danger is good news | P9: Scenes/main_scene.gd | Q9: 292
A10: 9 | B10: Hero | C10: first_chart | D10: On your first fight for a tile. | E10: 1 of 1 | F10: Right, clock's ticking. I love it when the clock's ticking. | G10: =LEN(F10) -> 59 | H10: 2 | I10: =ROUND(G10/About!$B$16,1) -> 2 | J10: Kill them all before the clock runs out | K10: Yes, sideways: the clock is running, so hurry | L10: In voice: danger is good news | P10: Scenes/main_scene.gd | Q10: 295
A11: 10 | B11: Hero | C11: first_town | D11: The first time you stand on a settlement you can enter. | E11: 1 of 2 | F11: Oh, it's a proper town. With a gate and everything. | G11: =LEN(F11) -> 51 | H11: 2 | I11: =ROUND(G11/About!$B$16,1) -> 1.7 | J11: Go in and sell what you do not need | K11: Set-up for the next page | L11: In voice: easily impressed | M11: 3 - Minor | N11: Said at the first settlement of any kind. At a Village it is in character (he is easily impressed); at a Fortress it jars. | O11: Ohh … a proper place. With a gate and everything. | P11: Scenes/main_scene.gd | Q11: 298
A12: 11 | B12: Hero | C12: first_town | D12: The first time you stand on a settlement you can enter. | E12: 2 of 2 | F12: Right. Plan. Sell the sticky stuff, keep the sharp stuff. | G12: =LEN(F12) -> 57 | H12: 2 | I12: =ROUND(G12/About!$B$16,1) -> 1.9 | J12: Go in and sell what you do not need | K12: Yes, sideways: sell some, keep some | L12: In voice: announces a plan, names things by their feel | P12: Scenes/main_scene.gd | Q12: 299
A13: 12 | B13: Hero | C13: first_unique | D13: After the fight that drops your first unique. The collection button appears with it. | E13: 1 of 1 | F13: Now this is something. I wonder how many more are out there. | G13: =LEN(F13) -> 60 | H13: 2 | I13: =ROUND(G13/About!$B$16,1) -> 2 | J13: Look for the rest | K13: Yes, sideways: there are more to find | L13: In voice: wants more | P13: Scenes/main_scene.gd | Q13: 302
A14: 13 | B14: Fortuneteller | C14: first_heirloom | D14: After your first ice wall falls. | E14: 1 of 2 | F14: The wall's down, then. Took you long enough. | G14: =LEN(F14) -> 44 | H14: 1 | I14: =ROUND(G14/About!$B$16,1) -> 1.5 | J14: Go to a fortuneteller when you want to leave this world | K14: Set-up for the next page | L14: In voice: backhanded welcome | P14: Scenes/main_scene.gd | Q14: 305
A15: 14 | B15: Fortuneteller | C15: first_heirloom | D15: After your first ice wall falls. | E15: 2 of 2 | F15: Come see me when you want out. It'll cost you everything, but you'll thank me. | G15: =LEN(F15) -> 78 | H15: 2 | I15: =ROUND(G15/About!$B$16,1) -> 2.6 | J15: Go to a fortuneteller when you want to leave this world | K15: Partly: come to her when you want out, but out of what, and where | L15: In voice: names the price, predicts you | M15: 2 - Needs a second read | N15: Out of what, and where is she? Said on the map, possibly before the player has met her in a town. | O15: Come see me in town when you want out of this world. It'll cost you everything but you'll thank me in the next one. | P15: Scenes/main_scene.gd | Q15: 306
A16: 15 | B16: Hero | C16: first_cave | D16: When Gollux's cave first comes into view on the map. | E16: 1 of 1 | F16: Something big lives at the bottom. I can hear it breathing. | G16: =LEN(F16) -> 59 | H16: 2 | I16: =ROUND(G16/About!$B$16,1) -> 2 | J16: Go to the cave and go down | K16: Yes, sideways: something to go down and meet | L16: In voice: senses it with his body | P16: Scenes/main_scene.gd | Q16: 309
A17: 16 | B17: Hero | C17: first_sense | D17: When the red light for the cave first shows at the map's edge. | E17: 1 of 1 | F17: Ugh. Something evil woke up out there. I can feel it pulling at my scales. | G17: =LEN(F17) -> 74 | H17: 2 | I17: =ROUND(G17/About!$B$16,1) -> 2.5 | J17: Follow the red light to the cave | K17: Partly: it pulls at him, but he does not mean to follow | L17: In voice: senses it with his body | M17: 3 - Minor | N17: Something pulls at him, which is nearly it, but nothing says he means to follow it. | O17: Ugh. Something evil woke up out there. I can feel it pulling at my scales. I should go and look. | P17: Scenes/main_scene.gd | Q17: 312
A18: 17 | B18: Blacksmith | C18: first_accept | D18: After you accept your first bounty. | E18: 1 of 2 | F18: Took one on, did you. Good. | G18: =LEN(F18) -> 27 | H18: 1 | I18: =ROUND(G18/About!$B$16,1) -> 0.9 | J18: Clear the whole board for an extra reward | K18: Set-up for the next page | L18: In voice: tag statement, grudging approval | P18: Scenes/main_scene.gd | Q18: 315
A19: 18 | B19: Blacksmith | C19: first_accept | D19: After you accept your first bounty. | E19: 2 of 2 | F19: Clear the whole board and there's something extra in it for you. My own work. | G19: =LEN(F19) -> 77 | H19: 2 | I19: =ROUND(G19/About!$B$16,1) -> 2.6 | J19: Clear the whole board for an extra reward | K19: Yes: clear the board, said plainly but as his offer | L19: In voice: pride in his own work | P19: Scenes/main_scene.gd | Q19: 316
A20: 19 | B20: Fortuneteller | C20: first_fortune | D20: The first time you open the fortuneteller's tab. | E20: 1 of 3 | F20: You'll want the chest. They always want the chest. | G20: =LEN(F20) -> 50 | H20: 2 | I20: =ROUND(G20/About!$B$16,1) -> 1.7 | J20: Buy Treasure, knowing it doubles in price; great spells are once a town | K20: Yes, sideways: buy the reading with the chest on it | L20: In voice: predicts you, lumps you with "they" | M20: 3 - Minor | O20: You'll want to know where the chest is. They always want to know where the chest is. | P20: Scenes/main_scene.gd | Q20: 319
A21: 20 | B21: Fortuneteller | C21: first_fortune | D21: The first time you open the fortuneteller's tab. | E21: 2 of 3 | F21: Then you'll want it again and again and again. And it'll cost you twice as much every time, and you'll look at me like I did something. | G21: =LEN(F21) -> 135 | H21: 4 | I21: =ROUND(G21/About!$B$16,1) -> 4.5 | J21: Buy Treasure, knowing it doubles in price; great spells are once a town | K21: Yes, sideways: it costs double every time | L21: In voice: the rule slides into a complaint | M21: 3 - Minor | N21: The longest page in the game: four lines in the box and over four seconds to type out. The run-on is her voice, so the fix is a page break, not new words. | O21: Remove dialog line | P21: Scenes/main_scene.gd | Q21: 320
A22: 21 | B22: Fortuneteller | C22: first_fortune | D22: The first time you open the fortuneteller's tab. | E22: 3 of 3 | F22: Choose other spells too if you like. The great ones I can only manage once though. I'm not young anymore. | G22: =LEN(F22) -> 105 | H22: 3 | I22: =ROUND(G22/About!$B$16,1) -> 3.5 | J22: Buy Treasure, knowing it doubles in price; great spells are once a town | K22: Partly: try the others, but "once" loses "a town" | L22: In voice: the rule is a grumble about herself | M22: 3 - Minor | N22: "Only once" is once in each town, not once ever. | O22: Choose other spells too if you like. The great ones I can only manage once a town though. I'm not young anymore. | P22: Scenes/main_scene.gd | Q22: 321
A23: 22 | B23: Blacksmith | C23: first_smith | D23: The first time you open the blacksmith's tab. | E23: 1 of 3 | F23: Put it on the anvil. Don't touch anything else. | G23: =LEN(F23) -> 47 | H23: 2 | I23: =ROUND(G23/About!$B$16,1) -> 1.6 | J23: Select an item and upgrade it, knowing it can break | K23: Yes, sideways: hold a piece up to him | L23: In voice: gives orders | P23: Scenes/main_scene.gd | Q23: 324
A24: 23 | B24: Blacksmith | C24: first_smith | D24: The first time you open the blacksmith's tab. | E24: 2 of 3 | F24: I can make it better quality. Whatever's on it stays on it. | G24: =LEN(F24) -> 59 | H24: 2 | I24: =ROUND(G24/About!$B$16,1) -> 2 | J24: Select an item and upgrade it, knowing it can break | K24: Yes, sideways: he improves it and what is on it stays | L24: In voice: says the key word twice ("stays on it") | M24: 3 - Minor | N24: His second service, Lock, never comes up. | O24: I can make it better quality. Whatever's on it stays on it. Pay more and I'll make one of them stay for good. | P24: Scenes/main_scene.gd | Q24: 325
A25: 24 | B25: Blacksmith | C25: first_smith | D25: The first time you open the blacksmith's tab. | E25: 3 of 3 | F25: Now and then the metal gives. That's the metal's fault, not mine. You still pay. | G25: =LEN(F25) -> 80 | H25: 2 | I25: =ROUND(G25/About!$B$16,1) -> 2.7 | J25: Select an item and upgrade it, knowing it can break | K25: Yes, sideways: it can break and you still pay | L25: In voice: blames the metal, the money is settled | M25: 3 - Minor | N25: "Gives" for breaks is easy to miss, and it is his one warning. The "Break 5%" beside his button backs it up. | O25: Now and then the metal breaks. That's the metal's fault, not mine. You still pay. | P25: Scenes/main_scene.gd | Q25: 326
A26: 25 | B26: Blacksmith | C26: first_board_cleared | D26: Over the reward, the first time you clear a bounty board. | E26: 1 of 3 | F26: Cleared the whole board, did you. Fine. You'll do. | G26: =LEN(F26) -> 50 | H26: 2 | I26: =ROUND(G26/About!$B$16,1) -> 1.7 | J26: Pick one of the three rewards | K26: Set-up for the next page | L26: In voice: tag statement, grudging approval | P26: Scenes/main_scene.gd | Q26: 329
A27: 26 | B27: Blacksmith | C27: first_board_cleared | D27: Over the reward, the first time you clear a bounty board. | E27: 2 of 3 | F27: Here. Some of my best work. Pick one. One. | G27: =LEN(F27) -> 42 | H27: 1 | I27: =ROUND(G27/About!$B$16,1) -> 1.4 | J27: Pick one of the three rewards | K27: Yes: pick one, said plainly but in his voice | L27: In voice: says the key word twice ("One.") | M27: 3 - Minor | N27: "My best work" promises crafted gear, but the three rewards can be orbs, a pile of gold or a pile of experience. | O27: Here. Best I've got. Pick one. One. | P27: Scenes/main_scene.gd | Q27: 330
A28: 27 | B28: Blacksmith | C28: first_board_cleared | D28: Over the reward, the first time you clear a bounty board. | E28: 3 of 3 | F28: I'll tell them you're ready for the nasty jobs. Nasty pays better. | G28: =LEN(F28) -> 66 | H28: 2 | I28: =ROUND(G28/About!$B$16,1) -> 2.2 | J28: Pick one of the three rewards | K28: Yes, sideways: harder work next, better pay | L28: In voice: says the key word twice ("Nasty") | P28: Scenes/main_scene.gd | Q28: 331
A29: 28 | B29: Fortuneteller | C29: Her page: before Transcend | D29: In the question she asks before you leave the world. | F29: The ice will take this world back, and you will wake in another. | G29: =LEN(F29) -> 64 | J29: What transcending costs and gives | L29: Off voice: solemn, where her box voice is dry | O29: The ice takes this world back, and you wake up in another | P29: Scenes/UI/town_page.gd | Q29: 165
A30: 29 | B30: Fortuneteller | C30: Her page: before Transcend | D30: In the question she asks before you leave the world. | F30: Your bag, gold, orbs, levels and this land are lost. What waits on the other side is worth far more. | G30: =LEN(F30) -> 100 | J30: What transcending costs and gives | L30: Off voice: solemn, where she is dry and sure of you | O30: You'll lose the bag, the gold, the orbs, the levels and the land. You'll say it was worth it. They always do. | P30: Scenes/UI/town_page.gd | Q30: 166
A31: 30 | B31: Fortuneteller | C31: Her page: answer to Roads | D31: After you pay for the Roads reading. | F31: Every settlement between these walls is now on your map. | G31: =LEN(F31) -> 56 | J31: What the spell did | L31: Off voice: neutral, no speaker in it | O31: There. Every settlement between these walls is on your map. You'll walk past half of them anyway. | P31: Scenes/UI/town_page.gd | Q31: 1275
A32: 31 | B32: Fortuneteller | C32: Her page: answer to Treasure | D32: After you pay for the Treasure reading. | F32: A star now stands over the nearest chest you have not seen. | G32: =LEN(F32) -> 59 | J32: What the spell did | L32: Off voice: neutral, no speaker in it | O32: There's a star over the nearest chest you haven't seen. Come back when you want another. | P32: Scenes/UI/town_page.gd | Q32: 1278
A33: 32 | B33: Fortuneteller | C33: Her page: answer to Treasure | D33: After you pay for the Treasure reading. | F33: It stays until that chest is opened. | G33: =LEN(F33) -> 36 | J33: What the spell did | L33: Off voice: neutral, no speaker in it | O33: It stays until you open it. I don't do refunds. | P33: Scenes/UI/town_page.gd | Q33: 1280
A34: 33 | B34: Fortuneteller | C34: Her page: answer to Appraise | D34: Heading over the table she reads off an item. | F34: Every modifier a %s can roll | G34: =LEN(F34) -> 28 | J34: What the table lists | L34: Not speech: a table heading | M34: 2 - Needs a second read | N34: Shows as "Every modifier a Iron Sword can roll" or "a Leather Boots can roll": the article is wrong for names that start with a vowel or are plural. | O34: %s: every modifier it can roll | P34: Scenes/UI/town_page.gd | Q34: 1286
A35: 34 | B35: Fortuneteller | C35: Her page: Appraise refused | D35: Tooltip on Appraise while a unique is selected. | F35: Its lines are already written | G35: =LEN(F35) -> 29 | J35: Why she will not appraise a unique | L35: In voice: dry | M35: 2 - Needs a second read | N35: A greyed button's reason has to be understood at once, and this does not say what "it" is. | O35: A unique's lines are already written | P35: Scenes/Town/fortune_teller.gd | Q35: 86
A36: 35 | B36: Blacksmith | C36: His page: after a failed upgrade | D36: On his counter, after an upgrade breaks the item. | F36: The hammer broke it. | G36: =LEN(F36) -> 20 | J36: The upgrade broke the item | L36: In voice: blames the tool | P36: Scenes/UI/town_page.gd | Q36: 1539
A37: 36 | B37: Blacksmith | C37: His page: upgrade or lock refused | D37: Tooltip on his buttons while a broken item is selected. | F37: This item is broken | G37: =LEN(F37) -> 19 | J37: Why he will not work on it | L37: Off voice: neutral, no speaker in it | O37: It's broken. Not my job to mend it. | P37: Scenes/Town/blacksmith.gd | Q37: 33
A38: 37 | B38: Hero | C38: Speaker name | D38: Title of the hero's box until the player renames him. | F38: Adventurer | G38: =LEN(F38) -> 10 | J38: Who is speaking | P38: Scenes/main_scene.gd | Q38: 268
A39: 38 | B39: Fortuneteller | C39: Speaker name | D39: Title of her box. | F39: Fortuneteller | G39: =LEN(F39) -> 13 | J39: Who is speaking | P39: Scenes/main_scene.gd | Q39: 318
A40: 39 | B40: Blacksmith | C40: Speaker name | D40: Title of his box. | F40: Blacksmith | G40: =LEN(F40) -> 10 | J40: Who is speaking | P40: Scenes/main_scene.gd | Q40: 328

Sheet Patterns
A1: Habit | B1: Where it shows | C1: What to do
A2: Ten of the fifteen conversations already do it | B2: They tell the player what to do without saying it: "Let's see if it fits.", "My gear would look good glowing.", "Sell the sticky stuff, keep the sharp stuff.", "You'll want the chest.", "You still pay." | C2: Keep them as they are.
A3: Five leave a gap | B3: The skill node (nothing says it is for later), the level-up (nothing about the point to spend), the first wall ("want out" of what, and where she is), the red light (it pulls at him, and he stays put) and the great spells ("once", where it is once a town). | C3: One more hint each, in the speaker's own way, and nothing else. The drafts add a few words each.
A4: Sideways works when the screen backs it up | B4: "The chest" sits beside a spell with a chest on it. "Better quality" sits beside "Level 5 to 6". "The metal gives" sits beside "Break 5%". "Want out" is said out on the map, far from her Transcend button, which is why it is the one that does not land. | C4: Check what is on screen when a line is spoken. The further the thing is from the line, the more the line has to carry.
A5: The fortuneteller has two voices | B5: In her dialogue box she is dry and blunt ("Took you long enough."). On her page she is solemn or neutral ("The ice will take this world back...", "A star now stands over the nearest chest..."). | C5: Write her page lines to her persona, or present them as the game's words and not hers.
A6: Length is not the problem | B6: Of the 27 pages, 25 are one or two lines in the box. Only the fortuneteller's first visit runs longer (four lines, then three). | C6: Nothing to change, except a page break in her second page.
A7: What works | B7: The three voices are distinct and stay in character on every page spoken in a dialogue box. Pages are short, one thought each, and none needed a second read for its grammar. | C7: Keep it.
